{"cameraMode":{"drawMode":0,"name":"Shaded","section":"Shading Mode"},"sceneLighting":true,"audioPlay":false,"sceneViewState":{"m_AlwaysRefresh":false,"showFog":true,"showSkybox":true,"showFlares":true,"showImageEffects":true,"showParticleSystems":true,"showVisualEffectGraphs":true,"m_FxEnabled":true},"in2DMode":false,"pivot":{"x":-1.2350082397460938,"y":2.4144980907440187,"z":-97.48660278320313},"rotation":{"x":-0.12672945857048036,"y":-0.10632465034723282,"z":0.013655820861458779,"w":-0.9861359000205994},"size":3.780341863632202,"orthographic":false}